product_id,url,DrugName
SAN-0001,https://www.vaxishop.co.uk/uk/en_GB/GBP/influenza/order/0127234098?id=1,Influenza
SAN-0002,https://www.e-mr.sanofi.co.jp/products/apidra?id=2,Products
SAN-0003,https://www.campus.sanofi/at/profil-erstellen?id=3,Profil
SAN-0004,https://www.e-mr.sanofi.co.jp/products/onetaxotere?id=4,Products
SAN-0005,https://www.e-mr.sanofi.co.jp/products/dupixent_2/product_info/expert_lecture/movie_0013?id=5,Products
SAN-0006,https://www.e-mr.sanofi.co.jp/products/targocid/faq?id=6,Products
SAN-0007,https://pro.campus.sanofi/nl/astma/educatie/gina-beveelt-dupixent-aan?id=7,Astma
SAN-0008,https://www.sanofipro.fr/fr/fr/EUR/search/synvisc?id=8,Search
SAN-0009,https://www.vaxishop.co.uk/uk/en_GB/GBP/influenza/order/0127234098?id=9,Influenza
SAN-0010,https://www.e-mr.sanofi.co.jp/products/apidra?id=10,Products
SAN-0011,https://www.campus.sanofi/at/profil-erstellen?id=11,Profil
SAN-0012,https://www.e-mr.sanofi.co.jp/products/onetaxotere?id=12,Products
SAN-0013,https://www.e-mr.sanofi.co.jp/products/dupixent_2/product_info/expert_lecture/movie_0013?id=13,Products
SAN-0014,https://www.e-mr.sanofi.co.jp/products/targocid/faq?id=14,Products
SAN-0015,https://pro.campus.sanofi/nl/astma/educatie/gina-beveelt-dupixent-aan?id=15,Astma
SAN-0016,https://www.sanofipro.fr/fr/fr/EUR/search/synvisc?id=16,Search
SAN-0017,https://www.vaxishop.co.uk/uk/en_GB/GBP/influenza/order/0127234098?id=17,Influenza
SAN-0018,https://www.e-mr.sanofi.co.jp/products/apidra?id=18,Products
SAN-0019,https://www.campus.sanofi/at/profil-erstellen?id=19,Profil
SAN-0020,https://www.e-mr.sanofi.co.jp/products/onetaxotere?id=20,Products
SAN-0021,https://www.e-mr.sanofi.co.jp/products/dupixent_2/product_info/expert_lecture/movie_0013?id=21,Products
SAN-0022,https://www.e-mr.sanofi.co.jp/products/targocid/faq?id=22,Products
SAN-0023,https://pro.campus.sanofi/nl/astma/educatie/gina-beveelt-dupixent-aan?id=23,Astma
SAN-0024,https://www.sanofipro.fr/fr/fr/EUR/search/synvisc?id=24,Search
SAN-0025,https://www.vaxishop.co.uk/uk/en_GB/GBP/influenza/order/0127234098?id=25,Influenza
SAN-0026,https://www.e-mr.sanofi.co.jp/products/apidra?id=26,Products
SAN-0027,https://www.campus.sanofi/at/profil-erstellen?id=27,Profil
SAN-0028,https://www.e-mr.sanofi.co.jp/products/onetaxotere?id=28,Products
SAN-0029,https://www.e-mr.sanofi.co.jp/products/dupixent_2/product_info/expert_lecture/movie_0013?id=29,Products
SAN-0030,https://www.e-mr.sanofi.co.jp/products/targocid/faq?id=30,Products
SAN-0031,https://pro.campus.sanofi/nl/astma/educatie/gina-beveelt-dupixent-aan?id=31,Astma
SAN-0032,https://www.sanofipro.fr/fr/fr/EUR/search/synvisc?id=32,Search
SAN-0033,https://www.vaxishop.co.uk/uk/en_GB/GBP/influenza/order/0127234098?id=33,Influenza
SAN-0034,https://www.e-mr.sanofi.co.jp/products/apidra?id=34,Products
SAN-0035,https://www.campus.sanofi/at/profil-erstellen?id=35,Profil
SAN-0036,https://www.e-mr.sanofi.co.jp/products/onetaxotere?id=36,Products
SAN-0037,https://www.e-mr.sanofi.co.jp/products/dupixent_2/product_info/expert_lecture/movie_0013?id=37,Products
SAN-0038,https://www.e-mr.sanofi.co.jp/products/targocid/faq?id=38,Products
SAN-0039,https://pro.campus.sanofi/nl/astma/educatie/gina-beveelt-dupixent-aan?id=39,Astma
SAN-0040,https://www.sanofipro.fr/fr/fr/EUR/search/synvisc?id=40,Search
SAN-0041,https://www.vaxishop.co.uk/uk/en_GB/GBP/influenza/order/0127234098?id=41,Influenza
SAN-0042,https://www.e-mr.sanofi.co.jp/products/apidra?id=42,Products
SAN-0043,https://www.campus.sanofi/at/profil-erstellen?id=43,Profil
SAN-0044,https://www.e-mr.sanofi.co.jp/products/onetaxotere?id=44,Products
SAN-0045,https://www.e-mr.sanofi.co.jp/products/dupixent_2/product_info/expert_lecture/movie_0013?id=45,Products
SAN-0046,https://www.e-mr.sanofi.co.jp/products/targocid/faq?id=46,Products
SAN-0047,https://pro.campus.sanofi/nl/astma/educatie/gina-beveelt-dupixent-aan?id=47,Astma
SAN-0048,https://www.sanofipro.fr/fr/fr/EUR/search/synvisc?id=48,Search
SAN-0049,https://www.vaxishop.co.uk/uk/en_GB/GBP/influenza/order/0127234098?id=49,Influenza
SAN-0050,https://www.e-mr.sanofi.co.jp/products/apidra?id=50,Products
SAN-0051,https://www.campus.sanofi/at/profil-erstellen?id=51,Profil
SAN-0052,https://www.e-mr.sanofi.co.jp/products/onetaxotere?id=52,Products
SAN-0053,https://www.e-mr.sanofi.co.jp/products/dupixent_2/product_info/expert_lecture/movie_0013?id=53,Products
SAN-0054,https://www.e-mr.sanofi.co.jp/products/targocid/faq?id=54,Products
SAN-0055,https://pro.campus.sanofi/nl/astma/educatie/gina-beveelt-dupixent-aan?id=55,Astma
SAN-0056,https://www.sanofipro.fr/fr/fr/EUR/search/synvisc?id=56,Search
SAN-0057,https://www.vaxishop.co.uk/uk/en_GB/GBP/influenza/order/0127234098?id=57,Influenza
SAN-0058,https://www.e-mr.sanofi.co.jp/products/apidra?id=58,Products
SAN-0059,https://www.campus.sanofi/at/profil-erstellen?id=59,Profil
SAN-0060,https://www.e-mr.sanofi.co.jp/products/onetaxotere?id=60,Products
SAN-0061,https://www.e-mr.sanofi.co.jp/products/dupixent_2/product_info/expert_lecture/movie_0013?id=61,Products
SAN-0062,https://www.e-mr.sanofi.co.jp/products/targocid/faq?id=62,Products
SAN-0063,https://pro.campus.sanofi/nl/astma/educatie/gina-beveelt-dupixent-aan?id=63,Astma
SAN-0064,https://www.sanofipro.fr/fr/fr/EUR/search/synvisc?id=64,Search
SAN-0065,https://www.vaxishop.co.uk/uk/en_GB/GBP/influenza/order/0127234098?id=65,Influenza
SAN-0066,https://www.e-mr.sanofi.co.jp/products/apidra?id=66,Products
SAN-0067,https://www.campus.sanofi/at/profil-erstellen?id=67,Profil
SAN-0068,https://www.e-mr.sanofi.co.jp/products/onetaxotere?id=68,Products
SAN-0069,https://www.e-mr.sanofi.co.jp/products/dupixent_2/product_info/expert_lecture/movie_0013?id=69,Products
SAN-0070,https://www.e-mr.sanofi.co.jp/products/targocid/faq?id=70,Products
SAN-0071,https://pro.campus.sanofi/nl/astma/educatie/gina-beveelt-dupixent-aan?id=71,Astma
SAN-0072,https://www.sanofipro.fr/fr/fr/EUR/search/synvisc?id=72,Search
SAN-0073,https://www.vaxishop.co.uk/uk/en_GB/GBP/influenza/order/0127234098?id=73,Influenza
SAN-0074,https://www.e-mr.sanofi.co.jp/products/apidra?id=74,Products
SAN-0075,https://www.campus.sanofi/at/profil-erstellen?id=75,Profil
SAN-0076,https://www.e-mr.sanofi.co.jp/products/onetaxotere?id=76,Products
SAN-0077,https://www.e-mr.sanofi.co.jp/products/dupixent_2/product_info/expert_lecture/movie_0013?id=77,Products
SAN-0078,https://www.e-mr.sanofi.co.jp/products/targocid/faq?id=78,Products
SAN-0079,https://pro.campus.sanofi/nl/astma/educatie/gina-beveelt-dupixent-aan?id=79,Astma
SAN-0080,https://www.sanofipro.fr/fr/fr/EUR/search/synvisc?id=80,Search
SAN-0081,https://www.vaxishop.co.uk/uk/en_GB/GBP/influenza/order/0127234098?id=81,Influenza
SAN-0082,https://www.e-mr.sanofi.co.jp/products/apidra?id=82,Products
SAN-0083,https://www.campus.sanofi/at/profil-erstellen?id=83,Profil
SAN-0084,https://www.e-mr.sanofi.co.jp/products/onetaxotere?id=84,Products
SAN-0085,https://www.e-mr.sanofi.co.jp/products/dupixent_2/product_info/expert_lecture/movie_0013?id=85,Products
SAN-0086,https://www.e-mr.sanofi.co.jp/products/targocid/faq?id=86,Products
SAN-0087,https://pro.campus.sanofi/nl/astma/educatie/gina-beveelt-dupixent-aan?id=87,Astma
SAN-0088,https://www.sanofipro.fr/fr/fr/EUR/search/synvisc?id=88,Search
SAN-0089,https://www.vaxishop.co.uk/uk/en_GB/GBP/influenza/order/0127234098?id=89,Influenza
SAN-0090,https://www.e-mr.sanofi.co.jp/products/apidra?id=90,Products
SAN-0091,https://www.campus.sanofi/at/profil-erstellen?id=91,Profil
SAN-0092,https://www.e-mr.sanofi.co.jp/products/onetaxotere?id=92,Products
SAN-0093,https://www.e-mr.sanofi.co.jp/products/dupixent_2/product_info/expert_lecture/movie_0013?id=93,Products
SAN-0094,https://www.e-mr.sanofi.co.jp/products/targocid/faq?id=94,Products
SAN-0095,https://pro.campus.sanofi/nl/astma/educatie/gina-beveelt-dupixent-aan?id=95,Astma
SAN-0096,https://www.sanofipro.fr/fr/fr/EUR/search/synvisc?id=96,Search
SAN-0097,https://www.vaxishop.co.uk/uk/en_GB/GBP/influenza/order/0127234098?id=97,Influenza
SAN-0098,https://www.e-mr.sanofi.co.jp/products/apidra?id=98,Products
SAN-0099,https://www.campus.sanofi/at/profil-erstellen?id=99,Profil
SAN-0100,https://www.e-mr.sanofi.co.jp/products/onetaxotere?id=100,Products
SAN-0101,https://www.e-mr.sanofi.co.jp/products/dupixent_2/product_info/expert_lecture/movie_0013?id=101,Products
SAN-0102,https://www.e-mr.sanofi.co.jp/products/targocid/faq?id=102,Products
SAN-0103,https://pro.campus.sanofi/nl/astma/educatie/gina-beveelt-dupixent-aan?id=103,Astma
SAN-0104,https://www.sanofipro.fr/fr/fr/EUR/search/synvisc?id=104,Search
SAN-0105,https://www.vaxishop.co.uk/uk/en_GB/GBP/influenza/order/0127234098?id=105,Influenza
SAN-0106,https://www.e-mr.sanofi.co.jp/products/apidra?id=106,Products
SAN-0107,https://www.campus.sanofi/at/profil-erstellen?id=107,Profil
SAN-0108,https://www.e-mr.sanofi.co.jp/products/onetaxotere?id=108,Products
SAN-0109,https://www.e-mr.sanofi.co.jp/products/dupixent_2/product_info/expert_lecture/movie_0013?id=109,Products
SAN-0110,https://www.e-mr.sanofi.co.jp/products/targocid/faq?id=110,Products
SAN-0111,https://pro.campus.sanofi/nl/astma/educatie/gina-beveelt-dupixent-aan?id=111,Astma
SAN-0112,https://www.sanofipro.fr/fr/fr/EUR/search/synvisc?id=112,Search
SAN-0113,https://www.vaxishop.co.uk/uk/en_GB/GBP/influenza/order/0127234098?id=113,Influenza
SAN-0114,https://www.e-mr.sanofi.co.jp/products/apidra?id=114,Products
SAN-0115,https://www.campus.sanofi/at/profil-erstellen?id=115,Profil
SAN-0116,https://www.e-mr.sanofi.co.jp/products/onetaxotere?id=116,Products
SAN-0117,https://www.e-mr.sanofi.co.jp/products/dupixent_2/product_info/expert_lecture/movie_0013?id=117,Products
SAN-0118,https://www.e-mr.sanofi.co.jp/products/targocid/faq?id=118,Products
SAN-0119,https://pro.campus.sanofi/nl/astma/educatie/gina-beveelt-dupixent-aan?id=119,Astma
SAN-0120,https://www.sanofipro.fr/fr/fr/EUR/search/synvisc?id=120,Search
SAN-0121,https://www.vaxishop.co.uk/uk/en_GB/GBP/influenza/order/0127234098?id=121,Influenza
SAN-0122,https://www.e-mr.sanofi.co.jp/products/apidra?id=122,Products
SAN-0123,https://www.campus.sanofi/at/profil-erstellen?id=123,Profil
SAN-0124,https://www.e-mr.sanofi.co.jp/products/onetaxotere?id=124,Products
SAN-0125,https://www.e-mr.sanofi.co.jp/products/dupixent_2/product_info/expert_lecture/movie_0013?id=125,Products
SAN-0126,https://www.e-mr.sanofi.co.jp/products/targocid/faq?id=126,Products
SAN-0127,https://pro.campus.sanofi/nl/astma/educatie/gina-beveelt-dupixent-aan?id=127,Astma
SAN-0128,https://www.sanofipro.fr/fr/fr/EUR/search/synvisc?id=128,Search
SAN-0129,https://www.vaxishop.co.uk/uk/en_GB/GBP/influenza/order/0127234098?id=129,Influenza
SAN-0130,https://www.e-mr.sanofi.co.jp/products/apidra?id=130,Products
SAN-0131,https://www.campus.sanofi/at/profil-erstellen?id=131,Profil
SAN-0132,https://www.e-mr.sanofi.co.jp/products/onetaxotere?id=132,Products
SAN-0133,https://www.e-mr.sanofi.co.jp/products/dupixent_2/product_info/expert_lecture/movie_0013?id=133,Products
SAN-0134,https://www.e-mr.sanofi.co.jp/products/targocid/faq?id=134,Products
SAN-0135,https://pro.campus.sanofi/nl/astma/educatie/gina-beveelt-dupixent-aan?id=135,Astma
SAN-0136,https://www.sanofipro.fr/fr/fr/EUR/search/synvisc?id=136,Search
SAN-0137,https://www.vaxishop.co.uk/uk/en_GB/GBP/influenza/order/0127234098?id=137,Influenza
SAN-0138,https://www.e-mr.sanofi.co.jp/products/apidra?id=138,Products
SAN-0139,https://www.campus.sanofi/at/profil-erstellen?id=139,Profil
SAN-0140,https://www.e-mr.sanofi.co.jp/products/onetaxotere?id=140,Products
SAN-0141,https://www.e-mr.sanofi.co.jp/products/dupixent_2/product_info/expert_lecture/movie_0013?id=141,Products
SAN-0142,https://www.e-mr.sanofi.co.jp/products/targocid/faq?id=142,Products
SAN-0143,https://pro.campus.sanofi/nl/astma/educatie/gina-beveelt-dupixent-aan?id=143,Astma
SAN-0144,https://www.sanofipro.fr/fr/fr/EUR/search/synvisc?id=144,Search
SAN-0145,https://www.vaxishop.co.uk/uk/en_GB/GBP/influenza/order/0127234098?id=145,Influenza
SAN-0146,https://www.e-mr.sanofi.co.jp/products/apidra?id=146,Products
SAN-0147,https://www.campus.sanofi/at/profil-erstellen?id=147,Profil
SAN-0148,https://www.e-mr.sanofi.co.jp/products/onetaxotere?id=148,Products
SAN-0149,https://www.e-mr.sanofi.co.jp/products/dupixent_2/product_info/expert_lecture/movie_0013?id=149,Products
SAN-0150,https://www.e-mr.sanofi.co.jp/products/targocid/faq?id=150,Products
SAN-0151,https://pro.campus.sanofi/nl/astma/educatie/gina-beveelt-dupixent-aan?id=151,Astma
SAN-0152,https://www.sanofipro.fr/fr/fr/EUR/search/synvisc?id=152,Search
SAN-0153,https://www.vaxishop.co.uk/uk/en_GB/GBP/influenza/order/0127234098?id=153,Influenza
SAN-0154,https://www.e-mr.sanofi.co.jp/products/apidra?id=154,Products
SAN-0155,https://www.campus.sanofi/at/profil-erstellen?id=155,Profil
SAN-0156,https://www.e-mr.sanofi.co.jp/products/onetaxotere?id=156,Products
SAN-0157,https://www.e-mr.sanofi.co.jp/products/dupixent_2/product_info/expert_lecture/movie_0013?id=157,Products
SAN-0158,https://www.e-mr.sanofi.co.jp/products/targocid/faq?id=158,Products
SAN-0159,https://pro.campus.sanofi/nl/astma/educatie/gina-beveelt-dupixent-aan?id=159,Astma
SAN-0160,https://www.sanofipro.fr/fr/fr/EUR/search/synvisc?id=160,Search
SAN-0161,https://www.vaxishop.co.uk/uk/en_GB/GBP/influenza/order/0127234098?id=161,Influenza
SAN-0162,https://www.e-mr.sanofi.co.jp/products/apidra?id=162,Products
SAN-0163,https://www.campus.sanofi/at/profil-erstellen?id=163,Profil
SAN-0164,https://www.e-mr.sanofi.co.jp/products/onetaxotere?id=164,Products
SAN-0165,https://www.e-mr.sanofi.co.jp/products/dupixent_2/product_info/expert_lecture/movie_0013?id=165,Products
SAN-0166,https://www.e-mr.sanofi.co.jp/products/targocid/faq?id=166,Products
SAN-0167,https://pro.campus.sanofi/nl/astma/educatie/gina-beveelt-dupixent-aan?id=167,Astma
SAN-0168,https://www.sanofipro.fr/fr/fr/EUR/search/synvisc?id=168,Search
SAN-0169,https://www.vaxishop.co.uk/uk/en_GB/GBP/influenza/order/0127234098?id=169,Influenza
SAN-0170,https://www.e-mr.sanofi.co.jp/products/apidra?id=170,Products
SAN-0171,https://www.campus.sanofi/at/profil-erstellen?id=171,Profil
SAN-0172,https://www.e-mr.sanofi.co.jp/products/onetaxotere?id=172,Products
SAN-0173,https://www.e-mr.sanofi.co.jp/products/dupixent_2/product_info/expert_lecture/movie_0013?id=173,Products
SAN-0174,https://www.e-mr.sanofi.co.jp/products/targocid/faq?id=174,Products
SAN-0175,https://pro.campus.sanofi/nl/astma/educatie/gina-beveelt-dupixent-aan?id=175,Astma
SAN-0176,https://www.sanofipro.fr/fr/fr/EUR/search/synvisc?id=176,Search
SAN-0177,https://www.vaxishop.co.uk/uk/en_GB/GBP/influenza/order/0127234098?id=177,Influenza
SAN-0178,https://www.e-mr.sanofi.co.jp/products/apidra?id=178,Products
SAN-0179,https://www.campus.sanofi/at/profil-erstellen?id=179,Profil
SAN-0180,https://www.e-mr.sanofi.co.jp/products/onetaxotere?id=180,Products
SAN-0181,https://www.e-mr.sanofi.co.jp/products/dupixent_2/product_info/expert_lecture/movie_0013?id=181,Products
SAN-0182,https://www.e-mr.sanofi.co.jp/products/targocid/faq?id=182,Products
SAN-0183,https://pro.campus.sanofi/nl/astma/educatie/gina-beveelt-dupixent-aan?id=183,Astma
SAN-0184,https://www.sanofipro.fr/fr/fr/EUR/search/synvisc?id=184,Search
SAN-0185,https://www.vaxishop.co.uk/uk/en_GB/GBP/influenza/order/0127234098?id=185,Influenza
SAN-0186,https://www.e-mr.sanofi.co.jp/products/apidra?id=186,Products
SAN-0187,https://www.campus.sanofi/at/profil-erstellen?id=187,Profil
SAN-0188,https://www.e-mr.sanofi.co.jp/products/onetaxotere?id=188,Products
SAN-0189,https://www.e-mr.sanofi.co.jp/products/dupixent_2/product_info/expert_lecture/movie_0013?id=189,Products
SAN-0190,https://www.e-mr.sanofi.co.jp/products/targocid/faq?id=190,Products
SAN-0191,https://pro.campus.sanofi/nl/astma/educatie/gina-beveelt-dupixent-aan?id=191,Astma
SAN-0192,https://www.sanofipro.fr/fr/fr/EUR/search/synvisc?id=192,Search
SAN-0193,https://www.vaxishop.co.uk/uk/en_GB/GBP/influenza/order/0127234098?id=193,Influenza
SAN-0194,https://www.e-mr.sanofi.co.jp/products/apidra?id=194,Products
SAN-0195,https://www.campus.sanofi/at/profil-erstellen?id=195,Profil
SAN-0196,https://www.e-mr.sanofi.co.jp/products/onetaxotere?id=196,Products
SAN-0197,https://www.e-mr.sanofi.co.jp/products/dupixent_2/product_info/expert_lecture/movie_0013?id=197,Products
SAN-0198,https://www.e-mr.sanofi.co.jp/products/targocid/faq?id=198,Products
SAN-0199,https://pro.campus.sanofi/nl/astma/educatie/gina-beveelt-dupixent-aan?id=199,Astma
SAN-0200,https://www.sanofipro.fr/fr/fr/EUR/search/synvisc?id=200,Search
SAN-0201,https://www.vaxishop.co.uk/uk/en_GB/GBP/influenza/order/0127234098?id=201,Influenza
SAN-0202,https://www.e-mr.sanofi.co.jp/products/apidra?id=202,Products
SAN-0203,https://www.campus.sanofi/at/profil-erstellen?id=203,Profil
SAN-0204,https://www.e-mr.sanofi.co.jp/products/onetaxotere?id=204,Products
SAN-0205,https://www.e-mr.sanofi.co.jp/products/dupixent_2/product_info/expert_lecture/movie_0013?id=205,Products
SAN-0206,https://www.e-mr.sanofi.co.jp/products/targocid/faq?id=206,Products
SAN-0207,https://pro.campus.sanofi/nl/astma/educatie/gina-beveelt-dupixent-aan?id=207,Astma
SAN-0208,https://www.sanofipro.fr/fr/fr/EUR/search/synvisc?id=208,Search
SAN-0209,https://www.vaxishop.co.uk/uk/en_GB/GBP/influenza/order/0127234098?id=209,Influenza
SAN-0210,https://www.e-mr.sanofi.co.jp/products/apidra?id=210,Products
SAN-0211,https://www.campus.sanofi/at/profil-erstellen?id=211,Profil
SAN-0212,https://www.e-mr.sanofi.co.jp/products/onetaxotere?id=212,Products
SAN-0213,https://www.e-mr.sanofi.co.jp/products/dupixent_2/product_info/expert_lecture/movie_0013?id=213,Products
SAN-0214,https://www.e-mr.sanofi.co.jp/products/targocid/faq?id=214,Products
SAN-0215,https://pro.campus.sanofi/nl/astma/educatie/gina-beveelt-dupixent-aan?id=215,Astma
SAN-0216,https://www.sanofipro.fr/fr/fr/EUR/search/synvisc?id=216,Search
SAN-0217,https://www.vaxishop.co.uk/uk/en_GB/GBP/influenza/order/0127234098?id=217,Influenza
SAN-0218,https://www.e-mr.sanofi.co.jp/products/apidra?id=218,Products
SAN-0219,https://www.campus.sanofi/at/profil-erstellen?id=219,Profil
SAN-0220,https://www.e-mr.sanofi.co.jp/products/onetaxotere?id=220,Products
SAN-0221,https://www.e-mr.sanofi.co.jp/products/dupixent_2/product_info/expert_lecture/movie_0013?id=221,Products
SAN-0222,https://www.e-mr.sanofi.co.jp/products/targocid/faq?id=222,Products
SAN-0223,https://pro.campus.sanofi/nl/astma/educatie/gina-beveelt-dupixent-aan?id=223,Astma
SAN-0224,https://www.sanofipro.fr/fr/fr/EUR/search/synvisc?id=224,Search
SAN-0225,https://www.vaxishop.co.uk/uk/en_GB/GBP/influenza/order/0127234098?id=225,Influenza
SAN-0226,https://www.e-mr.sanofi.co.jp/products/apidra?id=226,Products
SAN-0227,https://www.campus.sanofi/at/profil-erstellen?id=227,Profil
SAN-0228,https://www.e-mr.sanofi.co.jp/products/onetaxotere?id=228,Products
SAN-0229,https://www.e-mr.sanofi.co.jp/products/dupixent_2/product_info/expert_lecture/movie_0013?id=229,Products
SAN-0230,https://www.e-mr.sanofi.co.jp/products/targocid/faq?id=230,Products
SAN-0231,https://pro.campus.sanofi/nl/astma/educatie/gina-beveelt-dupixent-aan?id=231,Astma
SAN-0232,https://www.sanofipro.fr/fr/fr/EUR/search/synvisc?id=232,Search
SAN-0233,https://www.vaxishop.co.uk/uk/en_GB/GBP/influenza/order/0127234098?id=233,Influenza
SAN-0234,https://www.e-mr.sanofi.co.jp/products/apidra?id=234,Products
SAN-0235,https://www.campus.sanofi/at/profil-erstellen?id=235,Profil
SAN-0236,https://www.e-mr.sanofi.co.jp/products/onetaxotere?id=236,Products
SAN-0237,https://www.e-mr.sanofi.co.jp/products/dupixent_2/product_info/expert_lecture/movie_0013?id=237,Products
SAN-0238,https://www.e-mr.sanofi.co.jp/products/targocid/faq?id=238,Products
SAN-0239,https://pro.campus.sanofi/nl/astma/educatie/gina-beveelt-dupixent-aan?id=239,Astma
SAN-0240,https://www.sanofipro.fr/fr/fr/EUR/search/synvisc?id=240,Search
SAN-0241,https://www.vaxishop.co.uk/uk/en_GB/GBP/influenza/order/0127234098?id=241,Influenza
SAN-0242,https://www.e-mr.sanofi.co.jp/products/apidra?id=242,Products
SAN-0243,https://www.campus.sanofi/at/profil-erstellen?id=243,Profil
SAN-0244,https://www.e-mr.sanofi.co.jp/products/onetaxotere?id=244,Products
SAN-0245,https://www.e-mr.sanofi.co.jp/products/dupixent_2/product_info/expert_lecture/movie_0013?id=245,Products
SAN-0246,https://www.e-mr.sanofi.co.jp/products/targocid/faq?id=246,Products
SAN-0247,https://pro.campus.sanofi/nl/astma/educatie/gina-beveelt-dupixent-aan?id=247,Astma
SAN-0248,https://www.sanofipro.fr/fr/fr/EUR/search/synvisc?id=248,Search
SAN-0249,https://www.vaxishop.co.uk/uk/en_GB/GBP/influenza/order/0127234098?id=249,Influenza
SAN-0250,https://www.e-mr.sanofi.co.jp/products/apidra?id=250,Products
SAN-0251,https://www.campus.sanofi/at/profil-erstellen?id=251,Profil
SAN-0252,https://www.e-mr.sanofi.co.jp/products/onetaxotere?id=252,Products
SAN-0253,https://www.e-mr.sanofi.co.jp/products/dupixent_2/product_info/expert_lecture/movie_0013?id=253,Products
SAN-0254,https://www.e-mr.sanofi.co.jp/products/targocid/faq?id=254,Products
SAN-0255,https://pro.campus.sanofi/nl/astma/educatie/gina-beveelt-dupixent-aan?id=255,Astma
SAN-0256,https://www.sanofipro.fr/fr/fr/EUR/search/synvisc?id=256,Search
SAN-0257,https://www.vaxishop.co.uk/uk/en_GB/GBP/influenza/order/0127234098?id=257,Influenza
SAN-0258,https://www.e-mr.sanofi.co.jp/products/apidra?id=258,Products
SAN-0259,https://www.campus.sanofi/at/profil-erstellen?id=259,Profil
SAN-0260,https://www.e-mr.sanofi.co.jp/products/onetaxotere?id=260,Products
SAN-0261,https://www.e-mr.sanofi.co.jp/products/dupixent_2/product_info/expert_lecture/movie_0013?id=261,Products
SAN-0262,https://www.e-mr.sanofi.co.jp/products/targocid/faq?id=262,Products
SAN-0263,https://pro.campus.sanofi/nl/astma/educatie/gina-beveelt-dupixent-aan?id=263,Astma
SAN-0264,https://www.sanofipro.fr/fr/fr/EUR/search/synvisc?id=264,Search
SAN-0265,https://www.vaxishop.co.uk/uk/en_GB/GBP/influenza/order/0127234098?id=265,Influenza
SAN-0266,https://www.e-mr.sanofi.co.jp/products/apidra?id=266,Products
SAN-0267,https://www.campus.sanofi/at/profil-erstellen?id=267,Profil
SAN-0268,https://www.e-mr.sanofi.co.jp/products/onetaxotere?id=268,Products
SAN-0269,https://www.e-mr.sanofi.co.jp/products/dupixent_2/product_info/expert_lecture/movie_0013?id=269,Products
SAN-0270,https://www.e-mr.sanofi.co.jp/products/targocid/faq?id=270,Products
SAN-0271,https://pro.campus.sanofi/nl/astma/educatie/gina-beveelt-dupixent-aan?id=271,Astma
SAN-0272,https://www.sanofipro.fr/fr/fr/EUR/search/synvisc?id=272,Search
SAN-0273,https://www.vaxishop.co.uk/uk/en_GB/GBP/influenza/order/0127234098?id=273,Influenza
SAN-0274,https://www.e-mr.sanofi.co.jp/products/apidra?id=274,Products
SAN-0275,https://www.campus.sanofi/at/profil-erstellen?id=275,Profil
SAN-0276,https://www.e-mr.sanofi.co.jp/products/onetaxotere?id=276,Products
SAN-0277,https://www.e-mr.sanofi.co.jp/products/dupixent_2/product_info/expert_lecture/movie_0013?id=277,Products
SAN-0278,https://www.e-mr.sanofi.co.jp/products/targocid/faq?id=278,Products
SAN-0279,https://pro.campus.sanofi/nl/astma/educatie/gina-beveelt-dupixent-aan?id=279,Astma
SAN-0280,https://www.sanofipro.fr/fr/fr/EUR/search/synvisc?id=280,Search
SAN-0281,https://www.vaxishop.co.uk/uk/en_GB/GBP/influenza/order/0127234098?id=281,Influenza
SAN-0282,https://www.e-mr.sanofi.co.jp/products/apidra?id=282,Products
SAN-0283,https://www.campus.sanofi/at/profil-erstellen?id=283,Profil
SAN-0284,https://www.e-mr.sanofi.co.jp/products/onetaxotere?id=284,Products
SAN-0285,https://www.e-mr.sanofi.co.jp/products/dupixent_2/product_info/expert_lecture/movie_0013?id=285,Products
SAN-0286,https://www.e-mr.sanofi.co.jp/products/targocid/faq?id=286,Products
SAN-0287,https://pro.campus.sanofi/nl/astma/educatie/gina-beveelt-dupixent-aan?id=287,Astma
SAN-0288,https://www.sanofipro.fr/fr/fr/EUR/search/synvisc?id=288,Search
SAN-0289,https://www.vaxishop.co.uk/uk/en_GB/GBP/influenza/order/0127234098?id=289,Influenza
SAN-0290,https://www.e-mr.sanofi.co.jp/products/apidra?id=290,Products
SAN-0291,https://www.campus.sanofi/at/profil-erstellen?id=291,Profil
SAN-0292,https://www.e-mr.sanofi.co.jp/products/onetaxotere?id=292,Products
SAN-0293,https://www.e-mr.sanofi.co.jp/products/dupixent_2/product_info/expert_lecture/movie_0013?id=293,Products
SAN-0294,https://www.e-mr.sanofi.co.jp/products/targocid/faq?id=294,Products
SAN-0295,https://pro.campus.sanofi/nl/astma/educatie/gina-beveelt-dupixent-aan?id=295,Astma
SAN-0296,https://www.sanofipro.fr/fr/fr/EUR/search/synvisc?id=296,Search
SAN-0297,https://www.vaxishop.co.uk/uk/en_GB/GBP/influenza/order/0127234098?id=297,Influenza
SAN-0298,https://www.e-mr.sanofi.co.jp/products/apidra?id=298,Products
SAN-0299,https://www.campus.sanofi/at/profil-erstellen?id=299,Profil
SAN-0300,https://www.e-mr.sanofi.co.jp/products/onetaxotere?id=300,Products
SAN-0301,https://www.e-mr.sanofi.co.jp/products/dupixent_2/product_info/expert_lecture/movie_0013?id=301,Products
SAN-0302,https://www.e-mr.sanofi.co.jp/products/targocid/faq?id=302,Products
SAN-0303,https://pro.campus.sanofi/nl/astma/educatie/gina-beveelt-dupixent-aan?id=303,Astma
SAN-0304,https://www.sanofipro.fr/fr/fr/EUR/search/synvisc?id=304,Search
SAN-0305,https://www.vaxishop.co.uk/uk/en_GB/GBP/influenza/order/0127234098?id=305,Influenza
SAN-0306,https://www.e-mr.sanofi.co.jp/products/apidra?id=306,Products
SAN-0307,https://www.campus.sanofi/at/profil-erstellen?id=307,Profil
SAN-0308,https://www.e-mr.sanofi.co.jp/products/onetaxotere?id=308,Products
SAN-0309,https://www.e-mr.sanofi.co.jp/products/dupixent_2/product_info/expert_lecture/movie_0013?id=309,Products
SAN-0310,https://www.e-mr.sanofi.co.jp/products/targocid/faq?id=310,Products
SAN-0311,https://pro.campus.sanofi/nl/astma/educatie/gina-beveelt-dupixent-aan?id=311,Astma
SAN-0312,https://www.sanofipro.fr/fr/fr/EUR/search/synvisc?id=312,Search
SAN-0313,https://www.vaxishop.co.uk/uk/en_GB/GBP/influenza/order/0127234098?id=313,Influenza
SAN-0314,https://www.e-mr.sanofi.co.jp/products/apidra?id=314,Products
SAN-0315,https://www.campus.sanofi/at/profil-erstellen?id=315,Profil
SAN-0316,https://www.e-mr.sanofi.co.jp/products/onetaxotere?id=316,Products
SAN-0317,https://www.e-mr.sanofi.co.jp/products/dupixent_2/product_info/expert_lecture/movie_0013?id=317,Products
SAN-0318,https://www.e-mr.sanofi.co.jp/products/targocid/faq?id=318,Products
SAN-0319,https://pro.campus.sanofi/nl/astma/educatie/gina-beveelt-dupixent-aan?id=319,Astma
SAN-0320,https://www.sanofipro.fr/fr/fr/EUR/search/synvisc?id=320,Search
SAN-0321,https://www.vaxishop.co.uk/uk/en_GB/GBP/influenza/order/0127234098?id=321,Influenza
SAN-0322,https://www.e-mr.sanofi.co.jp/products/apidra?id=322,Products
SAN-0323,https://www.campus.sanofi/at/profil-erstellen?id=323,Profil
SAN-0324,https://www.e-mr.sanofi.co.jp/products/onetaxotere?id=324,Products
SAN-0325,https://www.e-mr.sanofi.co.jp/products/dupixent_2/product_info/expert_lecture/movie_0013?id=325,Products
SAN-0326,https://www.e-mr.sanofi.co.jp/products/targocid/faq?id=326,Products
SAN-0327,https://pro.campus.sanofi/nl/astma/educatie/gina-beveelt-dupixent-aan?id=327,Astma
SAN-0328,https://www.sanofipro.fr/fr/fr/EUR/search/synvisc?id=328,Search
SAN-0329,https://www.vaxishop.co.uk/uk/en_GB/GBP/influenza/order/0127234098?id=329,Influenza
SAN-0330,https://www.e-mr.sanofi.co.jp/products/apidra?id=330,Products
SAN-0331,https://www.campus.sanofi/at/profil-erstellen?id=331,Profil
SAN-0332,https://www.e-mr.sanofi.co.jp/products/onetaxotere?id=332,Products
SAN-0333,https://www.e-mr.sanofi.co.jp/products/dupixent_2/product_info/expert_lecture/movie_0013?id=333,Products
SAN-0334,https://www.e-mr.sanofi.co.jp/products/targocid/faq?id=334,Products
SAN-0335,https://pro.campus.sanofi/nl/astma/educatie/gina-beveelt-dupixent-aan?id=335,Astma
SAN-0336,https://www.sanofipro.fr/fr/fr/EUR/search/synvisc?id=336,Search
SAN-0337,https://www.vaxishop.co.uk/uk/en_GB/GBP/influenza/order/0127234098?id=337,Influenza
SAN-0338,https://www.e-mr.sanofi.co.jp/products/apidra?id=338,Products
SAN-0339,https://www.campus.sanofi/at/profil-erstellen?id=339,Profil
SAN-0340,https://www.e-mr.sanofi.co.jp/products/onetaxotere?id=340,Products
SAN-0341,https://www.e-mr.sanofi.co.jp/products/dupixent_2/product_info/expert_lecture/movie_0013?id=341,Products
SAN-0342,https://www.e-mr.sanofi.co.jp/products/targocid/faq?id=342,Products
SAN-0343,https://pro.campus.sanofi/nl/astma/educatie/gina-beveelt-dupixent-aan?id=343,Astma
SAN-0344,https://www.sanofipro.fr/fr/fr/EUR/search/synvisc?id=344,Search
SAN-0345,https://www.vaxishop.co.uk/uk/en_GB/GBP/influenza/order/0127234098?id=345,Influenza
SAN-0346,https://www.e-mr.sanofi.co.jp/products/apidra?id=346,Products
SAN-0347,https://www.campus.sanofi/at/profil-erstellen?id=347,Profil
SAN-0348,https://www.e-mr.sanofi.co.jp/products/onetaxotere?id=348,Products
SAN-0349,https://www.e-mr.sanofi.co.jp/products/dupixent_2/product_info/expert_lecture/movie_0013?id=349,Products
SAN-0350,https://www.e-mr.sanofi.co.jp/products/targocid/faq?id=350,Products
SAN-0351,https://pro.campus.sanofi/nl/astma/educatie/gina-beveelt-dupixent-aan?id=351,Astma
SAN-0352,https://www.sanofipro.fr/fr/fr/EUR/search/synvisc?id=352,Search
SAN-0353,https://www.vaxishop.co.uk/uk/en_GB/GBP/influenza/order/0127234098?id=353,Influenza
SAN-0354,https://www.e-mr.sanofi.co.jp/products/apidra?id=354,Products
SAN-0355,https://www.campus.sanofi/at/profil-erstellen?id=355,Profil
SAN-0356,https://www.e-mr.sanofi.co.jp/products/onetaxotere?id=356,Products
SAN-0357,https://www.e-mr.sanofi.co.jp/products/dupixent_2/product_info/expert_lecture/movie_0013?id=357,Products
SAN-0358,https://www.e-mr.sanofi.co.jp/products/targocid/faq?id=358,Products
SAN-0359,https://pro.campus.sanofi/nl/astma/educatie/gina-beveelt-dupixent-aan?id=359,Astma
SAN-0360,https://www.sanofipro.fr/fr/fr/EUR/search/synvisc?id=360,Search
SAN-0361,https://www.vaxishop.co.uk/uk/en_GB/GBP/influenza/order/0127234098?id=361,Influenza
SAN-0362,https://www.e-mr.sanofi.co.jp/products/apidra?id=362,Products
SAN-0363,https://www.campus.sanofi/at/profil-erstellen?id=363,Profil
SAN-0364,https://www.e-mr.sanofi.co.jp/products/onetaxotere?id=364,Products
SAN-0365,https://www.e-mr.sanofi.co.jp/products/dupixent_2/product_info/expert_lecture/movie_0013?id=365,Products
SAN-0366,https://www.e-mr.sanofi.co.jp/products/targocid/faq?id=366,Products
SAN-0367,https://pro.campus.sanofi/nl/astma/educatie/gina-beveelt-dupixent-aan?id=367,Astma
SAN-0368,https://www.sanofipro.fr/fr/fr/EUR/search/synvisc?id=368,Search
SAN-0369,https://www.vaxishop.co.uk/uk/en_GB/GBP/influenza/order/0127234098?id=369,Influenza
SAN-0370,https://www.e-mr.sanofi.co.jp/products/apidra?id=370,Products
SAN-0371,https://www.campus.sanofi/at/profil-erstellen?id=371,Profil
SAN-0372,https://www.e-mr.sanofi.co.jp/products/onetaxotere?id=372,Products
SAN-0373,https://www.e-mr.sanofi.co.jp/products/dupixent_2/product_info/expert_lecture/movie_0013?id=373,Products
SAN-0374,https://www.e-mr.sanofi.co.jp/products/targocid/faq?id=374,Products
SAN-0375,https://pro.campus.sanofi/nl/astma/educatie/gina-beveelt-dupixent-aan?id=375,Astma
SAN-0376,https://www.sanofipro.fr/fr/fr/EUR/search/synvisc?id=376,Search
SAN-0377,https://www.vaxishop.co.uk/uk/en_GB/GBP/influenza/order/0127234098?id=377,Influenza
SAN-0378,https://www.e-mr.sanofi.co.jp/products/apidra?id=378,Products
SAN-0379,https://www.campus.sanofi/at/profil-erstellen?id=379,Profil
SAN-0380,https://www.e-mr.sanofi.co.jp/products/onetaxotere?id=380,Products
SAN-0381,https://www.e-mr.sanofi.co.jp/products/dupixent_2/product_info/expert_lecture/movie_0013?id=381,Products
SAN-0382,https://www.e-mr.sanofi.co.jp/products/targocid/faq?id=382,Products
SAN-0383,https://pro.campus.sanofi/nl/astma/educatie/gina-beveelt-dupixent-aan?id=383,Astma
SAN-0384,https://www.sanofipro.fr/fr/fr/EUR/search/synvisc?id=384,Search
SAN-0385,https://www.vaxishop.co.uk/uk/en_GB/GBP/influenza/order/0127234098?id=385,Influenza
SAN-0386,https://www.e-mr.sanofi.co.jp/products/apidra?id=386,Products
SAN-0387,https://www.campus.sanofi/at/profil-erstellen?id=387,Profil
SAN-0388,https://www.e-mr.sanofi.co.jp/products/onetaxotere?id=388,Products
SAN-0389,https://www.e-mr.sanofi.co.jp/products/dupixent_2/product_info/expert_lecture/movie_0013?id=389,Products
SAN-0390,https://www.e-mr.sanofi.co.jp/products/targocid/faq?id=390,Products
SAN-0391,https://pro.campus.sanofi/nl/astma/educatie/gina-beveelt-dupixent-aan?id=391,Astma
SAN-0392,https://www.sanofipro.fr/fr/fr/EUR/search/synvisc?id=392,Search
SAN-0393,https://www.vaxishop.co.uk/uk/en_GB/GBP/influenza/order/0127234098?id=393,Influenza
SAN-0394,https://www.e-mr.sanofi.co.jp/products/apidra?id=394,Products
SAN-0395,https://www.campus.sanofi/at/profil-erstellen?id=395,Profil
SAN-0396,https://www.e-mr.sanofi.co.jp/products/onetaxotere?id=396,Products
SAN-0397,https://www.e-mr.sanofi.co.jp/products/dupixent_2/product_info/expert_lecture/movie_0013?id=397,Products
SAN-0398,https://www.e-mr.sanofi.co.jp/products/targocid/faq?id=398,Products
SAN-0399,https://pro.campus.sanofi/nl/astma/educatie/gina-beveelt-dupixent-aan?id=399,Astma
SAN-0400,https://www.sanofipro.fr/fr/fr/EUR/search/synvisc?id=400,Search
SAN-0401,https://www.vaxishop.co.uk/uk/en_GB/GBP/influenza/order/0127234098?id=401,Influenza
SAN-0402,https://www.e-mr.sanofi.co.jp/products/apidra?id=402,Products
SAN-0403,https://www.campus.sanofi/at/profil-erstellen?id=403,Profil
SAN-0404,https://www.e-mr.sanofi.co.jp/products/onetaxotere?id=404,Products
SAN-0405,https://www.e-mr.sanofi.co.jp/products/dupixent_2/product_info/expert_lecture/movie_0013?id=405,Products
SAN-0406,https://www.e-mr.sanofi.co.jp/products/targocid/faq?id=406,Products
SAN-0407,https://pro.campus.sanofi/nl/astma/educatie/gina-beveelt-dupixent-aan?id=407,Astma
SAN-0408,https://www.sanofipro.fr/fr/fr/EUR/search/synvisc?id=408,Search
SAN-0409,https://www.vaxishop.co.uk/uk/en_GB/GBP/influenza/order/0127234098?id=409,Influenza
SAN-0410,https://www.e-mr.sanofi.co.jp/products/apidra?id=410,Products
SAN-0411,https://www.campus.sanofi/at/profil-erstellen?id=411,Profil
SAN-0412,https://www.e-mr.sanofi.co.jp/products/onetaxotere?id=412,Products
SAN-0413,https://www.e-mr.sanofi.co.jp/products/dupixent_2/product_info/expert_lecture/movie_0013?id=413,Products
SAN-0414,https://www.e-mr.sanofi.co.jp/products/targocid/faq?id=414,Products
SAN-0415,https://pro.campus.sanofi/nl/astma/educatie/gina-beveelt-dupixent-aan?id=415,Astma
SAN-0416,https://www.sanofipro.fr/fr/fr/EUR/search/synvisc?id=416,Search
SAN-0417,https://www.vaxishop.co.uk/uk/en_GB/GBP/influenza/order/0127234098?id=417,Influenza
SAN-0418,https://www.e-mr.sanofi.co.jp/products/apidra?id=418,Products
SAN-0419,https://www.campus.sanofi/at/profil-erstellen?id=419,Profil
SAN-0420,https://www.e-mr.sanofi.co.jp/products/onetaxotere?id=420,Products
SAN-0421,https://www.e-mr.sanofi.co.jp/products/dupixent_2/product_info/expert_lecture/movie_0013?id=421,Products
SAN-0422,https://www.e-mr.sanofi.co.jp/products/targocid/faq?id=422,Products
SAN-0423,https://pro.campus.sanofi/nl/astma/educatie/gina-beveelt-dupixent-aan?id=423,Astma
SAN-0424,https://www.sanofipro.fr/fr/fr/EUR/search/synvisc?id=424,Search
SAN-0425,https://www.vaxishop.co.uk/uk/en_GB/GBP/influenza/order/0127234098?id=425,Influenza
SAN-0426,https://www.e-mr.sanofi.co.jp/products/apidra?id=426,Products
SAN-0427,https://www.campus.sanofi/at/profil-erstellen?id=427,Profil
SAN-0428,https://www.e-mr.sanofi.co.jp/products/onetaxotere?id=428,Products
SAN-0429,https://www.e-mr.sanofi.co.jp/products/dupixent_2/product_info/expert_lecture/movie_0013?id=429,Products
SAN-0430,https://www.e-mr.sanofi.co.jp/products/targocid/faq?id=430,Products
SAN-0431,https://pro.campus.sanofi/nl/astma/educatie/gina-beveelt-dupixent-aan?id=431,Astma
SAN-0432,https://www.sanofipro.fr/fr/fr/EUR/search/synvisc?id=432,Search
SAN-0433,https://www.vaxishop.co.uk/uk/en_GB/GBP/influenza/order/0127234098?id=433,Influenza
SAN-0434,https://www.e-mr.sanofi.co.jp/products/apidra?id=434,Products
SAN-0435,https://www.campus.sanofi/at/profil-erstellen?id=435,Profil
SAN-0436,https://www.e-mr.sanofi.co.jp/products/onetaxotere?id=436,Products
SAN-0437,https://www.e-mr.sanofi.co.jp/products/dupixent_2/product_info/expert_lecture/movie_0013?id=437,Products
SAN-0438,https://www.e-mr.sanofi.co.jp/products/targocid/faq?id=438,Products
SAN-0439,https://pro.campus.sanofi/nl/astma/educatie/gina-beveelt-dupixent-aan?id=439,Astma
SAN-0440,https://www.sanofipro.fr/fr/fr/EUR/search/synvisc?id=440,Search
SAN-0441,https://www.vaxishop.co.uk/uk/en_GB/GBP/influenza/order/0127234098?id=441,Influenza
SAN-0442,https://www.e-mr.sanofi.co.jp/products/apidra?id=442,Products
SAN-0443,https://www.campus.sanofi/at/profil-erstellen?id=443,Profil
SAN-0444,https://www.e-mr.sanofi.co.jp/products/onetaxotere?id=444,Products
SAN-0445,https://www.e-mr.sanofi.co.jp/products/dupixent_2/product_info/expert_lecture/movie_0013?id=445,Products
SAN-0446,https://www.e-mr.sanofi.co.jp/products/targocid/faq?id=446,Products
SAN-0447,https://pro.campus.sanofi/nl/astma/educatie/gina-beveelt-dupixent-aan?id=447,Astma
SAN-0448,https://www.sanofipro.fr/fr/fr/EUR/search/synvisc?id=448,Search
SAN-0449,https://www.vaxishop.co.uk/uk/en_GB/GBP/influenza/order/0127234098?id=449,Influenza
SAN-0450,https://www.e-mr.sanofi.co.jp/products/apidra?id=450,Products
SAN-0451,https://www.campus.sanofi/at/profil-erstellen?id=451,Profil
SAN-0452,https://www.e-mr.sanofi.co.jp/products/onetaxotere?id=452,Products
SAN-0453,https://www.e-mr.sanofi.co.jp/products/dupixent_2/product_info/expert_lecture/movie_0013?id=453,Products
SAN-0454,https://www.e-mr.sanofi.co.jp/products/targocid/faq?id=454,Products
SAN-0455,https://pro.campus.sanofi/nl/astma/educatie/gina-beveelt-dupixent-aan?id=455,Astma
SAN-0456,https://www.sanofipro.fr/fr/fr/EUR/search/synvisc?id=456,Search
SAN-0457,https://www.vaxishop.co.uk/uk/en_GB/GBP/influenza/order/0127234098?id=457,Influenza
SAN-0458,https://www.e-mr.sanofi.co.jp/products/apidra?id=458,Products
SAN-0459,https://www.campus.sanofi/at/profil-erstellen?id=459,Profil
SAN-0460,https://www.e-mr.sanofi.co.jp/products/onetaxotere?id=460,Products
SAN-0461,https://www.e-mr.sanofi.co.jp/products/dupixent_2/product_info/expert_lecture/movie_0013?id=461,Products
SAN-0462,https://www.e-mr.sanofi.co.jp/products/targocid/faq?id=462,Products
SAN-0463,https://pro.campus.sanofi/nl/astma/educatie/gina-beveelt-dupixent-aan?id=463,Astma
SAN-0464,https://www.sanofipro.fr/fr/fr/EUR/search/synvisc?id=464,Search
SAN-0465,https://www.vaxishop.co.uk/uk/en_GB/GBP/influenza/order/0127234098?id=465,Influenza
SAN-0466,https://www.e-mr.sanofi.co.jp/products/apidra?id=466,Products
SAN-0467,https://www.campus.sanofi/at/profil-erstellen?id=467,Profil
SAN-0468,https://www.e-mr.sanofi.co.jp/products/onetaxotere?id=468,Products
SAN-0469,https://www.e-mr.sanofi.co.jp/products/dupixent_2/product_info/expert_lecture/movie_0013?id=469,Products
SAN-0470,https://www.e-mr.sanofi.co.jp/products/targocid/faq?id=470,Products
SAN-0471,https://pro.campus.sanofi/nl/astma/educatie/gina-beveelt-dupixent-aan?id=471,Astma
SAN-0472,https://www.sanofipro.fr/fr/fr/EUR/search/synvisc?id=472,Search
SAN-0473,https://www.vaxishop.co.uk/uk/en_GB/GBP/influenza/order/0127234098?id=473,Influenza
SAN-0474,https://www.e-mr.sanofi.co.jp/products/apidra?id=474,Products
SAN-0475,https://www.campus.sanofi/at/profil-erstellen?id=475,Profil
SAN-0476,https://www.e-mr.sanofi.co.jp/products/onetaxotere?id=476,Products
SAN-0477,https://www.e-mr.sanofi.co.jp/products/dupixent_2/product_info/expert_lecture/movie_0013?id=477,Products
SAN-0478,https://www.e-mr.sanofi.co.jp/products/targocid/faq?id=478,Products
SAN-0479,https://pro.campus.sanofi/nl/astma/educatie/gina-beveelt-dupixent-aan?id=479,Astma
SAN-0480,https://www.sanofipro.fr/fr/fr/EUR/search/synvisc?id=480,Search
SAN-0481,https://www.vaxishop.co.uk/uk/en_GB/GBP/influenza/order/0127234098?id=481,Influenza
SAN-0482,https://www.e-mr.sanofi.co.jp/products/apidra?id=482,Products
SAN-0483,https://www.campus.sanofi/at/profil-erstellen?id=483,Profil
SAN-0484,https://www.e-mr.sanofi.co.jp/products/onetaxotere?id=484,Products
SAN-0485,https://www.e-mr.sanofi.co.jp/products/dupixent_2/product_info/expert_lecture/movie_0013?id=485,Products
SAN-0486,https://www.e-mr.sanofi.co.jp/products/targocid/faq?id=486,Products
SAN-0487,https://pro.campus.sanofi/nl/astma/educatie/gina-beveelt-dupixent-aan?id=487,Astma
SAN-0488,https://www.sanofipro.fr/fr/fr/EUR/search/synvisc?id=488,Search
SAN-0489,https://www.vaxishop.co.uk/uk/en_GB/GBP/influenza/order/0127234098?id=489,Influenza
SAN-0490,https://www.e-mr.sanofi.co.jp/products/apidra?id=490,Products
SAN-0491,https://www.campus.sanofi/at/profil-erstellen?id=491,Profil
SAN-0492,https://www.e-mr.sanofi.co.jp/products/onetaxotere?id=492,Products
SAN-0493,https://www.e-mr.sanofi.co.jp/products/dupixent_2/product_info/expert_lecture/movie_0013?id=493,Products
SAN-0494,https://www.e-mr.sanofi.co.jp/products/targocid/faq?id=494,Products
SAN-0495,https://pro.campus.sanofi/nl/astma/educatie/gina-beveelt-dupixent-aan?id=495,Astma
SAN-0496,https://www.sanofipro.fr/fr/fr/EUR/search/synvisc?id=496,Search
SAN-0497,https://www.vaxishop.co.uk/uk/en_GB/GBP/influenza/order/0127234098?id=497,Influenza
SAN-0498,https://www.e-mr.sanofi.co.jp/products/apidra?id=498,Products
SAN-0499,https://www.campus.sanofi/at/profil-erstellen?id=499,Profil
SAN-0500,https://www.e-mr.sanofi.co.jp/products/onetaxotere?id=500,Products
